INSERT INTO statuses VALUES ('', 'LOGIN', 'A user now online!');
INSERT INTO statuses VALUES ('', 'MESSAGE', 'A user sent a message!');
INSERT INTO statuses VALUES ('', 'LOGOUT', 'A user has left a chat!');
INSERT INTO roles VALUES ('1', 'ADMIN', 'The best guy in the world!');
INSERT INTO roles VALUES ('2', 'USER', 'Just a slave!');
INSERT INTO users VALUES ('admin', 1, 'Сергей Сергеевич Сергеев', '79207777777', 'admin@google.com');
INSERT INTO users VALUES ('pavel', 2, 'Павел Павлович Павлов', '+7399393939393', 'Ivanov@mail,ru');
INSERT INTO users VALUES ('jack', 2, 'Jack Jay Brown', '+747474747474','petrov@mail.ru');
INSERT INTO passwords VALUES('admin','111');
INSERT INTO passwords VALUES('pavel','222');
INSERT INTO passwords VALUES('jack','333');
INSERT INTO messages VALUES ('','admin', 'The user Admin is login!', '', 1);
INSERT INTO messages VALUES ('','admin', 'Hello! Admin is here!', '', 2);
INSERT INTO messages VALUES ('','pavel', 'The user Pavel is login!', '', 1);
INSERT INTO messages VALUES ('','pavel', 'Hello! I am Pavel', '', 2);
INSERT INTO messages VALUES ('','jack', 'The user Jack is login!', '', 1);
INSERT INTO messages VALUES ('','jack', 'Good!', '', 2);
INSERT INTO messages VALUES ('','jack', 'How are you?', '', 2);
INSERT INTO messages VALUES ('','admin', 'Fine, thanks!', '', 2);
INSERT INTO messages VALUES ('','jack', 'How about to chat a little bit?', '', 2);
INSERT INTO messages VALUES ('','admin', 'The user Admin is logout!?', '', 3);
INSERT INTO messages VALUES ('','jack', 'The user Jack is logout!?', '', 3);
INSERT INTO messages VALUES ('','pavel', 'The user Pavel is logout!?', '', 3);
